{
  "navigator": {
    "userAgent": "Mozilla/5.0 (Windows NT 10.0; Win64; x64; rv:134.0) Gecko/20100101 Firefox/134.0",
    "platform": "Win32",
    "language": "en-US",
    "languages": ["en-US", "en"],
    "hardwareConcurrency": 8,
    "deviceMemory": 8,
    "appVersion": "5.0 (Windows)"
  },
  "screen": {
    "width": 1920,
    "height": 1080,
    "availWidth": 1920,
    "availHeight": 1040,
    "colorDepth": 24,
    "pixelDepth": 24
  },
  "webgl": {
    "vendor": "Google Inc. (NVIDIA)",
    "renderer": "ANGLE (NVIDIA, NVIDIA GeForce RTX 3060, OpenGL 4.5)"
  },
  "fonts": [
    "Arial",
    "Arial Black",
    "Bahnschrift",
    "Calibri",
    "Cambria",
    "Cambria Math",
    "Candara",
    "Comic Sans MS",
    "Consolas",
    "Constantia",
    "Corbel",
    "Courier New",
    "Ebrima",
    "Franklin Gothic Medium",
    "Gabriola",
    "Gadugi",
    "Georgia",
    "HoloLens MDL2 Assets",
    "Impact",
    "Ink Free",
    "Javanese Text",
    "Leelawadee UI",
    "Lucida Console",
    "Lucida Sans Unicode",
    "Malgun Gothic",
    "Marlett",
    "Microsoft Himalaya",
    "Microsoft JhengHei",
    "Microsoft New Tai Lue",
    "Microsoft PhagsPa",
    "Microsoft Sans Serif",
    "Microsoft Tai Le",
    "Microsoft YaHei",
    "Microsoft Yi Baiti",
    "MingLiU-ExtB",
    "Mongolian Baiti",
    "MS Gothic",
    "MV Boli",
    "Myanmar Text",
    "Nirmala UI",
    "Palatino Linotype",
    "Segoe MDL2 Assets",
    "Segoe Print",
    "Segoe Script",
    "Segoe UI",
    "Segoe UI Emoji",
    "Segoe UI Historic",
    "Segoe UI Symbol",
    "SimSun",
    "Sitka",
    "Sylfaen",
    "Symbol",
    "Tahoma",
    "Times New Roman",
    "Trebuchet MS",
    "Verdana",
    "Webdings",
    "Wingdings",
    "Yu Gothic"
  ],
  "mouse": {
    "distortionMean": 1.0,
    "distortionStDev": 1.2,
    "distortionFreq": 0.5
  }
}
